uuid,name,description,region,symptoms,crude_drags,prescriptions,treatment,references
df99a2c799d843e28ac5c33a6ea6db6b,風寒襲表,"風寒の邪が体表部を侵製して衛気と相争する病態であり,「表寒」あるいは「風寒表証」と称する.寒気・ふるえ・鳥肌・頭痛・関節や腰の痛みなど,寒冷にさらされたときのような反応が現れる.感冒・インフルエンザ・他の炎症の初期によくみられ,昔か「卵酒を飲んで汗をかくと治る」といわれている病態である.",全身,,,,,"森 雄材,「漢方・中医学臨床マニュアル症状から診断・処方へ」, 医歯薬出版株式会社, 2004/02/01, ISBN 4263201957"
cb248d883f8948b091c98ed7052212df,表実証,"風寒の邪のうち風邪より寒邪のほうが強く,凍結の性質を持つ寒邪により,体表が閉塞され気圧の流れが凝滞する病態である.寒冷反射が強く生じ,汗腺が閉じ鳥肌が立ってふるえ,悪寒あるいは悪風があって汗が出ない状態である.汗が出ないところから「表実」と呼ぶ",全身,悪寒あるいは悪風・汗が出ない・軽度の発熱・頭痛・節々の痛み・首筋や肩背のこり痛み・咳・鼻水・ 脈が浮で緊（非常に緊張が強い）,麻黄・桂枝・紫蘇・生姜,麻黄湯・桂麻各半湯,"体表を温めて汗腺を聞き,汗とともに風寒の邪を発散して除く,（辛温発汗）を用いる","森 雄材,「漢方・中医学臨床マニュアル症状から診断・処方へ」, 医歯薬出版株式会社, 2004/02/01, ISBN 4263201957"
403386f1f95d447f96de8df1ea0d534e,表虚証,"風寒の邪のうち寒邪より風邪のほうが強く,発地の性質をもっ風邪により体表が緩んで汗孔を開く病態である.寒冷反射が強くは発生せず,悪風があり少し汗が出る状態である.汗が漏れているところから桜島と呼ぶ.",全身,悪風・じっとり汗が出る・軽度の発熱・頭痛・節々の痛み・首筋や肩背のこり痛み・鼻水・乾恒・脈が浮で緩(緊張が弱くやや遅い)などがみられる.,桂枝・生萎など.,桂枝湯・桂枝加葛根湯,"体表部を温めて汗腺機能を調整し,軽く発散させることにより風寒の邪を除く,〈辛温解肌〉を行う.","森 雄材,「漢方・中医学臨床マニュアル症状から診断・処方へ」, 医歯薬出版株式会社, 2004/02/01, ISBN 4263201957"
988bf63227784a20af05b3455570fbd1,風寒襲表兼証,"単純な風寒襲表ではなく他の病変を伴っており,治療上も別の配慮が必要な病態である.一般にはこの病態のほうが多い.",全身,,,,,"森 雄材,「漢方・中医学臨床マニュアル症状から診断・処方へ」, 医歯薬出版株式会社, 2004/02/01, ISBN 4263201957"
bdcb31250cac40c2a657de8cd87c5f49,風寒襲表兼熱鬱,"内熱のあるものが風寒襲表を受け,凍結の性質をもっ寒邪が体表を閉塞することにより体表から熱を放散することができなくなり,体内に熱がこもった病態である.元来,元気で熱量産生の高い暑がりの体質のものが,かぜ,をひいた状態に相当する.",全身,"悪寒あるいは悪風があって汗が出ず,さらに発熱・咽の渇き・体内の熱感・いらいら・じっとしていられない・舌質が紅・脈が浮で速い","辛温発汗の麻黄・桂枝・杏仁,青熱除煩の石膏・知母",大青竜湯,"体表を温めて汗腺を聞き,汗とともに風寒の邪を発散して除くと同時に,体内の熱を冷ましていらいらを静める,〈辛温発汗・清熱除煩〉を用いる.","森 雄材,「漢方・中医学臨床マニュアル症状から診断・処方へ」, 医歯薬出版株式会社, 2004/02/01, ISBN 4263201957"
f13c7e527c784de698fe15bb66314592,風寒襲表兼陽虚,"先天的虚弱・老化・慢性病などで陽気が不足したものが,風寒襲表を呈する病態である.老人・虚弱者に多く,抵抗力が弱く熱産生能力も衰えているために,強い冷えと虚弱症状が現れる.",全身,"悪寒・軽度の発熱・四肢の冷え・縮こまる・汗が出ないなどとともに,うとうとする・眠りたがる・横になっていたい・舌質が胖大・舌苔が白・脈が沈といった陽虚の症状がみられる.","辛温発散の麻黄・桂枝・防風・細辛,助陽益気の附子・乾姜・人参・黄耆など",麻黄附子細辛湯・再造散,"体を温め体力と抵抗力を高めたうえで,発散により風寒の邪を除く,〈助陽益気・辛温解表〉を行う.","森 雄材,「漢方・中医学臨床マニュアル症状から診断・処方へ」, 医歯薬出版株式会社, 2004/02/01, ISBN 4263201957"
0e13a3864a43489b8642ba1c6611f58d,風寒襲表兼陰血虚損,"大出血・出産の後あるいは大病後で体液や栄養状態が不足した陰血虚損のものが,風寒の邪の侵襲を受けた病態である.汗の原料が不足しているために汗が出ず,無理に汗を出させると陰血がさらに不足することになり,危険である.",全身,"悪寒あるいは悪風・汗が出ない・発熱・頭痛・節々の痛みなどとともに,皮膚の乾燥・るい痩・顔色が悪い・口唇の乾燥・舌質が淡泊・舌苔が少ない・脈が浮細など陰血不足の症状を伴う.","軽度に発散する葱白・淡立鼓,滋陰養血の生地黄・麦門冬など",葱白七味飲,"体を栄養滋潤して汗の原料を提供し,少し汗ばませることにより風寒の邪を発散して除く, 〈滋陰養血・辛温発汗〉を行う.","森 雄材,「漢方・中医学臨床マニュアル症状から診断・処方へ」, 医歯薬出版株式会社, 2004/02/01, ISBN 4263201957"
1bfd3fd934814a91bf3a39a1aff9de04,風寒湿襲表,"湿度が高くかつ寒冷の気候のために,あるいは普段からむくみの傾向をもつ内湿の体質のものが風寒の邪を受けることにより,風寒の邪と湿邪が合併して侵襲した病態である.皮下や筋肉内に水分の停滞があって,気血の流れや筋肉の動きを悪くするので,重だるさや強い痛みを伴うのが特徴である.",全身,頭が重い・しめつけられるような強い頭痛・体が重だるい・節々の痛み・体を動かしにくい・悪寒あるいは悪風・軽度の発熱・胸苦しい・むくみ・白賦苔・脈が浮などがみられる.,辛温発汗で祛湿にも働く藿香・防風・羗活・自芷・細辛・蒼朮 など,九味羗活湯・荊防敗毒散・藿香正気散,"温めて風寒の邪を除くとともに,皮下や筋肉内の水分を除く,〈辛温発汗・融湿〉を行う","森 雄材,「漢方・中医学臨床マニュアル症状から診断・処方へ」, 医歯薬出版株式会社, 2004/02/01, ISBN 4263201957"
ac5b50a9ab99463391fe8cc85c79726e,陰暑,"夏期に風寒湿の邪を受け,風寒湿の邪による体表の閉塞と体内の暑熱の両面を呈する病態である.暑熱の時期に陰寒の症状を呈することから,「陰暑」と呼ばれ,暑熱と寒湿が共存しているところが特徴である.暑中に冷えて発病する「夏かぜ」の一種に相当し,クーラーをかけすぎる・裸で戸外に寝る・水遊びをしすぎる・納涼のしすぎ・冷たいもののとりすぎ・汗や雨に濡れたままで過ごすなどで発生する.",全身,"寒気・腹痛・汗が出ない・体が重だるい・舌苔が白賦などの体表部の寒湿の症状と,咽の渇き・発熱・体内の熱感・いらいら・尿が濃く少ないなどの体内の暑熱の症状がみられる.","散寒解表の香薷,祛暑の金銀花・連翹・白扁豆",香薷飲・新加香薷飲,"体表部の寒湿を除き,体内の暑熱を冷ます,〈祛暑解表・化湿〉を行う.","森 雄材,「漢方・中医学臨床マニュアル症状から診断・処方へ」, 医歯薬出版株式会社, 2004/02/01, ISBN 4263201957"
832ca0e2dee24146a4d13b275acdfb3b,風寒侵入少陽,"風寒襲表に引き続いて邪が少陽に侵入したり,風寒の邪が直接少陽に侵入し,邪正相争する病態で,邪が胆・三焦で気・津液の通行を阻滞し化熱するので,多彩な症状を伴う.暑熱の時期を除き年中発症するが,主に晩秋から冬季ににみられ,感冒・扁桃炎・インフルエンザなど多くの感染症に相当する",全身,"1日に何回も不定期に往来寒熱が現れ,発熱はずっと続き熱感があるときに体温はより上昇し,胸脇部が張って苦しい・食欲がない・吐き気・めまい感・口が苦い・咽の乾燥感・因痛・腹痛 尿が少ない・舌苔がやや黄・脈が弦などがみられる",柴胡・黄芩・半夏,小柴胡湯,"風寒の邪を外透し,気・津液を疏通させ炎症を静める,〈和解少陽〉を行う","森 雄材,「漢方・中医学臨床マニュアル症状から診断・処方へ」, 医歯薬出版株式会社, 2004/02/01, ISBN 4263201957"
0993e9641fd341cea8a067ac7035e1b9,熱結心下,"病邪が化熱して,半表半裏から心下(裏である胃腸との境界)まで深く入って気機を阻滞した病態である.インフルエンザ・胃腸炎などでみられる.",全身,"往来寒熱・胸脇部が張って苦しいなどとともに,嘔吐・みぞおちのつかえや脹り・いらいら・腹痛・便秘あるいは下痢・舌苔が黄・脈が弦で速いなどがみられる","和解少陽の柴胡・黄苓・半夏,瀉下の枳実・大黄など.",大柴胡湯,"風寒の邪を外透して気・津液を疏通させ,炎症を静めると同時に瀉下によって心下の熱結を解消させる.〈和解少陽・泄下熱結〉を行う","森 雄材,「漢方・中医学臨床マニュアル症状から診断・処方へ」, 医歯薬出版株式会社, 2004/02/01, ISBN 4263201957"
b953277eccdb462aaa5f3337a2705495,湿熱欝阻少陽,"夏から初秋にかけての高い湿度と暑熱の時期に,湿熱の邪が少陽に侵入して気・津液の流通を鬱阻した病態である.「夏かぜ」の一類型であるが,ウイルス性肝炎など多くの感染症が含まれる.炎症・水分停滞・機能障害などを引き起こしており,粘滞して除去しにくい湿邪が関与しているために,なかなか治癒しないのが特徴である.",全身,"寒気と熱感・発熱が起伏しながら持続し,汗が出ても解熱せず,吐き気・嘔吐・腹痛・っかえ・体が重だるい・尿が少ない・舌苔が黄賦・脈が弦でやや速いなどを伴う.",青蒿・黄芩・黄連・竹茹・枳実・滑石・茯苓など.,蒿芩清胆湯,"熱の邪を除き少陽の気・津液を疏通させる,〈情熱利湿・通達少陽〉を行う.","森 雄材,「漢方・中医学臨床マニュアル症状から診断・処方へ」, 医歯薬出版株式会社, 2004/02/01, ISBN 4263201957"
0fa1ae4f63fb41c4a538ce5311708da1,風熱犯衛,"風熱の邪が侵入して衛気と相争する病態であり,「表熱」と称する.陽気が盛んな子どもや体力のある青・壮年のかぜ・扁桃炎・インフルエンザなどはほとんどがこの病変であり,麻疹や化膿症の初期にも同様の病態がみられる.初期から炎症症状が明らかな感染症に相当する.",全身,"軽い寒気や体の違和感に引き続き,すぐに発熱・熱感が生じ熱がかなり高く,咽痛・扁桃の発赤腫脹・顔や目が赤い・頭痛・脈が浮で速い",辛涼透表の薄荷・桑葉・菊花・牛蒡子・金銀花・連翹など.,銀翹散・清上防風湯,"体表を聞いて熱を放散させ炎症を静め,風熱の邪を発散して除く,〈辛涼透表〉を行う.","森 雄材,「漢方・中医学臨床マニュアル症状から診断・処方へ」, 医歯薬出版株式会社, 2004/02/01, ISBN 4263201957"
3fb0969f1a6c417e831e3ac4bc333965,風熱犯衛兼証,"単純な風熱犯衛ではなく,他の病変を伴っており,治療上も別の配慮を必要とする.",全身,,,,,"森 雄材,「漢方・中医学臨床マニュアル症状から診断・処方へ」, 医歯薬出版株式会社, 2004/02/01, ISBN 4263201957"
a73a2b20776541b0bf8bb34c90dd1360,風線犯衛兼裏実,"裏実のものが風熱の侵襲を受けた病態で,表裏ともに熱証が現れる.表熱に体内の欝熱を兼ねた状態に相当し,元来暑がり・猫舌・汗かき・咽の渇き・便秘といった内熱(裏熱)の傾向をもつものが,寵患する.",全身,"発熱・熱感・咽痛・咳などの表熱と,咽の渇き・いらいら・尿が濃い・便秘・舌苔が黄厚・舌質が紅・脈が有力で速いなどの裏実熱の症候がみられる","辛涼透表の薄荷・桑葉・菊花・牛蒡子・金銀花・連翹,清熱の黄芩・山梔子・瀉下の大黄.芒硝など.",防風通聖散,"炎症を静め体表から熱を放散すると同時に,瀉下により便とともに熱を下地させる,〈辛涼透表・瀉熱通便〉を行う.","森 雄材,「漢方・中医学臨床マニュアル症状から診断・処方へ」, 医歯薬出版株式会社, 2004/02/01, ISBN 4263201957"
cd70f4f81bf84f219d6e131d00cbbd64,風熱犯衛兼陸虚,"慢性病・多産・過度の性生活・老化などで陰液が不足したものが,風熱の侵襲を受けた病態である.栄養や体液が不足したものの風熱犯衛に相当し,体液が少ないので汗を産生して熱を放散することができず,栄養状態が悪いために速やかな病状悪化が懸念される.",全身,"発熱・熱感・咽痛などに,皮膚や口唇の乾燥・口の乾燥・汗が出ない・舌質が絳紅・舌苔が少ない・脈が浮で速く力がないなどを伴う.","軽く発散する淡豆鼓・葱白・薄荷,滋陰の玉竹・生地黄",加減葳蕤湯,"体液を補充し汗の原料を提供したうえ,体表を聞いて汗とともに熱を放散する, 〈滋陰・辛掠透表〉を行う.","森 雄材,「漢方・中医学臨床マニュアル症状から診断・処方へ」, 医歯薬出版株式会社, 2004/02/01, ISBN 4263201957"
f11f8f81bbad483da7b44f85ec367c82,熱邪壅盛,"熱邪の勢いが盛んになって臓腑に深く侵入した病態であり,風熱犯衛から速やかに移行したり,風寒襲表から寒邪が化熱することにより一定期間の経過の後に移行する.多くは暑熱の時期に現れ,高熱・熱感を呈して炎症が強い状態である.",全身,,,,,"森 雄材,「漢方・中医学臨床マニュアル症状から診断・処方へ」, 医歯薬出版株式会社, 2004/02/01, ISBN 4263201957"
fcc29ad1d375487ca49852ce84d70ea5,肺熱壅盛,邪熱が肺に侵入して宣発・粛降を阻害した病態である.肺・気管支の炎症に相当する.,全身,"高熱・熱感とともに,咳込む・呼吸が荒い・甚だしいと端息や呼吸困難・黄色く粘稠な痰・胸痛・咽の渇き・舌質が紅・舌苔が黄・脈が速く有力","清肺熱の石膏・黄芩・山梔子,平喘止咳の杏仁・桑白皮・貝母・竹筎など.",麻杏甘石湯・五虎湯,"炎症を除き咳・呼吸困難を解消する,〈清肺平端・止咳〉を行う.","森 雄材,「漢方・中医学臨床マニュアル症状から診断・処方へ」, 医歯薬出版株式会社, 2004/02/01, ISBN 4263201957"
782baa9402324992bdeed03c12451e14,気分熱盛,"熱邪が気分(機能系)で盛んになった病態である.全身的な炎症で,機能が障害されているだけで器質的損傷はみられない状態に相当する.高熱・発汗により体液や気力が消耗するので,不可避的に気津の損傷を伴う.",全身,"高熱とともに悪熱があり,布団をはねのけたり裸になりたがり,じっとしていられずに輾転反側(何度も寝がえりをうつ)し,汗が出る・咽が渇いて冷たい飲みものを欲しがる・顔面紅潮・舌質が紅・舌苔が黄・脈が洪大(大きく有力)などがみられる.「大熱・大汗・大渇・脈洪大」の四大症状が特徴である.体液・気力が衰えた気津両傷の状態では,咽の渇きが強い・息切れ・元気がない・舌が紅で乾燥・脈は大きいが力がないなどの症状がみられる.",清熱の石膏・知母など,白虎湯,"炎症を抑え熱を外部に透発させて除く,〈清気泄熱〉を行う.","森 雄材,「漢方・中医学臨床マニュアル症状から診断・処方へ」, 医歯薬出版株式会社, 2004/02/01, ISBN 4263201957"
4b6f83a523e64ba3889887a78cda8f2f,暑熱傷気,夏に暑熱の邪が侵襲して気津を消耗する病態である.暑熱炎天による「夏かぜ」「夏バテ」 に相当する.,全身,発熱・熱感・汗が多い・咽の渇き・尿が濃く少ない・全身倦怠・息切れ・舌質が紅で乾燥・脈に力がないなどがみられる.,"清熱解暑の西瓜皮・荷葉・滑石・青蒿,益気生津の西洋参・石餅・沙参・人参・麦門冬など.",清暑益気湯,"暑熱を除き元気をつけ体液を補充する,〈清熱解暑・益気生津〉を行う.","森 雄材,「漢方・中医学臨床マニュアル症状から診断・処方へ」, 医歯薬出版株式会社, 2004/02/01, ISBN 4263201957"
f82415f0a83249ff99c5796c84ae9c7e,湿熱停滞,"暑くて湿度の高い夏から初秋にかけて湿熱の邪の侵襲を受けた病態であり,普段からむくみなど内湿の傾向をもつものが罹患する.内湿と外湿が同気相求めるためである.「夏かぜ」の一種であり,ウイルス感染症などに相当する.",全身,,,,,"森 雄材,「漢方・中医学臨床マニュアル症状から診断・処方へ」, 医歯薬出版株式会社, 2004/02/01, ISBN 4263201957"
e1cd272674cc43739adcee015c37bbc4,湿熱初犯,"発病の初期に相当し,軽い寒気と体内の熱感を呈する状態であり,内湿があるために消化器症状を伴い,湿邪が気血の流れや筋肉の動きを阻滞する症状もみられる.発熱には特徴があり,体内では強い熱感がありながら,体表部に触れても熱を感じなかったり,外気にあたると寒気を感じ,わきの下に体温計を入れても体温上昇を示さないが,じっと触れていると熱を感じ,口中や直腸内で温度を計ると体温上昇がみられる.体表の水分(湿邪)が熱を体内に閉じこめているために起こる現象であり,これを「身熱不揚」と呼ぶ.汗が出ることもあるが,湿邪は粘りつく性質をもつので,経過がやや長く,治りにくいのが特徴である.",全身,"身熱不揚のほか,頭が重い・体が重だるい・食欲不振・吐き気・嘔吐・下痢・胸や腹がつかえて脹る・尿が少ない・賦苔などの湿証がみられる.","宣発の藿香・杏仁・白豆蔲,祛湿泄熱の竹葉・慧苡仁・滑石・通草など.",三仁湯・藿朴夏苓湯,"宣発の薬物で湿熱を透散するとともに,利尿することによって湿熱の邪を下泄させる, 〈宣散・祛湿泄熱〉を行う.","森 雄材,「漢方・中医学臨床マニュアル症状から診断・処方へ」, 医歯薬出版株式会社, 2004/02/01, ISBN 4263201957"
6e2cb9e3c1594b5fa834b4556d8edada,湿熱阻滞脾胃,"湿熱初犯から日時が経過して邪が化熱し,粘調でなかなか除去できない湿邪と牌胃において結びついているために,長期にわたり持続する病態である.炎症が強くなって発熱が起伏しながら長期にわたって持続し,汗が出ても熱が下がらず,明らかな消化器症状を伴う状態に相当する.",全身,起伏する発熱・汗が出ても解熱しない・吐き気・嘔吐・下痢・尿が濃く少ない・口は乾くが水分は欲しくない・黄膩苔・脈がやや速いなどがみられる.,"清熱化湿の黄連・黄芩・山梔子,清熱利水の茵蔯蒿・滑石・沢瀉・通草・猪苓など",連朴飲・黄芩滑石湯・茵蔯蒿湯・茵蔯五苓散,"炎症を抑えるとともに,利尿することにより湿熱の邪を下泄させる,〈清熱燥湿〉を行う.","森 雄材,「漢方・中医学臨床マニュアル症状から診断・処方へ」, 医歯薬出版株式会社, 2004/02/01, ISBN 4263201957"
c3f60b514ee04276a4a94dd7a9d64ff2,温燥,"初秋に温燥の邪が鼻や気道から肺へ侵入し,津液を消耗し宣発粛降を阻滞する病態である.暑さが残り乾燥する初秋によくみられるほか,エアコンによる温かく乾燥した環境でも発生する.咽や気管に強い乾燥と炎症を引き起こした病変に相当する.",全身,発熱・鼻や咽の乾燥・咽の渇き・咽痛・乾いた咳・切れにくい粘稠な痰・皮膚の乾燥・舌の乾燥・脈が浮で速いなどがみられる.,桑葉・杏仁・沙参・貝母など.,桑杏湯,"軽く発散して邪を外散させ,粘膜の炎症を除き滋潤させる,〈清宣涼潤〉を行う","森 雄材,「漢方・中医学臨床マニュアル症状から診断・処方へ」, 医歯薬出版株式会社, 2004/02/01, ISBN 4263201957"
240cd583e27d46fbabb549f1f30ea06a,気虚発熱,"体力が低下して熱を放散する機構がうまく作動せず,体内に熱が鬱積するために発熱する.体力が充実していない学童期・過労・病後の回復期などで,気が不足して体内から熱を放散することができず,鬱熱が生じる病態である.",全身,"特にかぜひきの症状を伴わずによく発熱し,精神的・肉体的に少し疲れると発熱することが多く,微熱からかなりの高熱が数日間続く.なお,普段から疲れやすい・朝起きにくい・ゴロゴロして動きたがらない・元気がない・脈が弱いなどがみられる.","益気の黄耆・人参・白朮,疏散の柴胡・升麻など.",補中益気湯,"体力・気力を補充することにより熱の放散を促す,〈益気除熱〉を行う.","森 雄材,「漢方・中医学臨床マニュアル症状から診断・処方へ」, 医歯薬出版株式会社, 2004/02/01, ISBN 4263201957"
99f1e6a31e754a28b8b4202f16f65a67,心血虚,"長期あるいは過度の心労で心血が消耗し,心血が不足するために心気も衰えて衛気が不足し,夜間睡眠中に体表を固護する力がより不足するために,心液である汗が外に漏れてねあせを引き起こす病態である.",全身,"ねあせとともに,動悸・眠りが浅い・夢をよくみる・舌質が淡・脈が細いなどがみられる.","補血養心の当帰・竜眼肉・酸棗仁,益気により生血を促す人参・黄耆・白朮,斂汗の竜骨・牡嘱・五味子など.",帰牌湯加竜骨・牡蠣・五味子,"心血を滋養して心気の衰えを防ぎ,汗が外に漏れないように収斂する,〈補血養心・斂汗〉を行う.","森 雄材,「漢方・中医学臨床マニュアル症状から診断・処方へ」, 医歯薬出版株式会社, 2004/02/01, ISBN 4263201957"
360a00149d394d79ac3ccdc84593b096,陰虚内熱,"慢性病・熱病・性生活の不節制などで陰精を消耗し,陰精が虚したために陽気が相対的に旺盛になって 熱を生 ,衛気が裏に入る夜間睡眠中には内熱がより旺盛になり,体表を固護する衛気の力の不足に乗じて内熱が外に放散されるときに津液を引き連れて外に漏らすために,ねあせが生じる病態である.肺結核が代表的な病変である",全身,"頻繁なねあせがあり,るい痩・体の熱感・手足のほてり・頬部の紅潮・夢精・月経不順・舌質が絳・舌苔が少ないあるいは無苔・脈が浮で速く力がない.","滋陰清熱の生地黄・玄参・天門冬・麦門冬・亀板・鼈甲,少量の清熱の黄芩・黄柏,固表止汗の黄者・牡蠣・竜骨など",当帰六黄湯,"陰精を滋潤して内熱を清し,衛気を補って汗が外に漏れるのを止める,〈滋青熱・固表止汗〉を行う.","森 雄材,「漢方・中医学臨床マニュアル症状から診断・処方へ」, 医歯薬出版株式会社, 2004/02/01, ISBN 4263201957"
e90dc77f8034443aa73833f86fba1ac2,表衛不固,"先天的虚弱者・老化・慢性病などで,衛気が不足して体表を固護することができず,衛気が裏に入る夜間にさらに体表の固護が不足するために,津液が漏れてねあせが生じる病態である.さらに進行すると,陽気の温める機能が衰えて陽虚の虚寒を伴う",全身,"ねあせだけでなく,日中にもよく汗をかき,元気がない・疲れやすい・かぜをひきやすく治りにくい・脈が無力などの気虚の症状がみられる.陽虚では,さらに冷え・寒がる・うとうとする・舌質が胖大・脈が沈で遅いなどを伴う","益気固表の黄耆・人参・白朮・止汗の麻黄根・牡蠣・竜骨,温陽の肉桂・附子など","益気固表には玉屏風散・牡蠣散・黄耆建中湯,温陽固表には桂枝加竜骨牡蛎湯","陽気を補って衛気を強め表を固護する,〈益気回表・温陽固表〉を行う.","森 雄材,「漢方・中医学臨床マニュアル症状から診断・処方へ」, 医歯薬出版株式会社, 2004/02/01, ISBN 4263201957"
5a0e36ed22e4416d8ae368cd2b36eeaf,湿熱擾動,"ねあせでは最もよくみられる病変である.飲食の不摂生・飲酒癖・精神的ストレスなどで,牌胃の運化が失調して水湿が生じ,長期間停滞し化熱して湿熱となり,夜間に衛気が裏に入って湿熱と相争するために邪熱が強くなり,衛気の固護の不足に乗じて邪熱が外泄すると同時に津液を外に漏らし,ねあせが発生する病態である.湿熱は体内では蒸籠を蒸し上げるょっに津液を押し上げるので,頭面部に汗が出やすい.",全身,"じっとりとしたねあせ(首から上に多い)とともに,口が粘る・体が重だるい・むくみ・吐き気・腹満・尿が濃い・舌苔が黄賦・脈がやや速いなどの湿熱の症状がみられる.","清熱利湿の菌蔯蒿・薏苡仁・山梔子・滑石,清熱燥湿の黄連・黄芩・黄柏など.",菌蔯五苓散・菌蔯蒿湯・梔子柏皮湯,熱を冷ますと同時に湿邪を発散したり尿として除く.〈清熱利湿〉を行う.,"森 雄材,「漢方・中医学臨床マニュアル症状から診断・処方へ」, 医歯薬出版株式会社, 2004/02/01, ISBN 4263201957"
3e06b30260c2452e9b442fc380adad41,風寒犯肺・水湿内停,"風寒の邪が肺を侵襲し,宣散・粛降を阻滞する病態である寒冷の時期にみられる突発性の浮腫に相当する.",全身,"眼瞼に初発し頭面部から次第に全身に浮腫が拡大し,悪寒・発熱・頭痛・体の痛み・尿が少ない,脈が浮などを伴う.",麻黄・桂枝・防風・蒼朮・白朮など.,小青竜湯・麻黄加朮湯,"温めて汗をかかせ,体表部から外邪や水分を除き利尿する,〈疏風散寒・祛湿〉を行う","森 雄材,「漢方・中医学臨床マニュアル症状から診断・処方へ」, 医歯薬出版株式会社, 2004/02/01, ISBN 4263201957"
ea015c13ac0941cf804ff0f23bc85624,風熱犯肺・水湿内停,"風熱の邪が怖を侵犯し,宣散・粛降を阻害する病態である.アレルギー・急性腎炎など炎症性の突発性浮腫に相当し,季節を問わずにみられる.",全身,"眼瞼に初発し頭面部から全身に拡がる浮腫とともに,発熱・咽痛・咽の腫脹発赤・咳・尿が濃く少ない・血尿・舌苔がやや黄・脈が速いなどが現れる.","麻黄と石膏の組み合わせを用い,宣肺祛湿の連翹・桑白皮・薏苡仁・小豆などを配合する.",越婢加朮湯,"体表部からの熱の放散を強め,外邪を除き炎症を抑えて利尿する,〈辛涼宣肺・清熱祛湿〉を行う.","森 雄材,「漢方・中医学臨床マニュアル症状から診断・処方へ」, 医歯薬出版株式会社, 2004/02/01, ISBN 4263201957"
6b3c29f4fe434cce930d2cd38ae2caaa,少陽枢機不利,"人体の気と津液の通路で少陽の部位にある三焦が,様々な要因によって邪魔されて時に通じにくくなり,軽度の浮腫や機能障害が反復する病態である.自律神経失調の一種に相当する.",全身,"軽度の浮腫が反復し,いらいら・口が苦い・めまい・胸脇部が脹って苦しい・吐き気・食欲不振・尿が少ない・だるい・疲労感・汗をかきにくいなど多様な全身症状が反復したり出没する.脈は弦で,無力ではない.",柴胡・半夏・生菱・茯苓・沢瀉など.,小柴胡湯・柴苓湯,"少陽部位での気と津液を順調に流通させる,〈通調少陽枢機・利水〉を行う.","森 雄材,「漢方・中医学臨床マニュアル症状から診断・処方へ」, 医歯薬出版株式会社, 2004/02/01, ISBN 4263201957"
da4e12d8bb75472fa9b3e5beb4cc94f2,湿滞,"外来の湿邪が肌膚(皮下の軟部組織)に侵入したり 牌胃の運化を阻滞して内湿を生じ,内外の湿邪が肌膚に停滞したために浮腫が生じる病態である.湿気の多い環境での居住や作業が続いて湿気が体内に侵入したり,湿気により水分の発散が妨げられて体内に水分が停滞し,慢性あるいは反復性にむくみを生じる.水分は下方に貯留しやすいので下肢のむくみを呈しやすく,また湿気が胃腸を障害しやすいために消化器症状を伴うことが多い.なお,寒邪が加わると寒湿に,熱邪が加わると湿熱に変化する.",全身,"下肢のむくみとともに,体が重だるい・腹満・泥状便・尿が少ない・汗をあまりかかない・賦苔・脈に力があるなどがみられる.寒湿では冷え・舌苔が白滑・脈がやや遅いなどが,湿熱ではほてり・熱感・頭からの発汗・口が粘る・黄賦苔・脈がやや速いなどが加わる.",半夏・蒼朮・茯苓・猪苓・沢瀉など.,四苓湯・五苓散・胃苓湯・苓姜求甘湯・桂枝加苓朮附湯・菌蔯五苓散・猪苓湯,"停滞している水分を正常に流通させたり尿として排泄させる,〈祛湿利水〉を行う.","森 雄材,「漢方・中医学臨床マニュアル症状から診断・処方へ」, 医歯薬出版株式会社, 2004/02/01, ISBN 4263201957"
8d92e35c0d90413897b20d6d5fde77f5,脾虚湿滞,"先天的虚弱・老化・慢性病などによる牌気の衰弱,あるいは湿滞の状態の持続や反復による牌気の損傷で,牌が虚して津液の運輸が低下し,三焦で停積した津液が利用できない水分に変化し,水液が肌表にあふれた病態である.肺気にも影響が及んで,肺気のうち体表を固護する衛気が不足し,「衛虚」を伴うことも多い.",全身,"下半身に明らかな浮腫がみられ,食欲不振・味がない・元気がない・体が重だるい.疲れやすい・泥状便~水様便・尿が少ない・舌質が胖・舌苔が白・脈が弱いなどの症状がみられる.衛虚を伴うときは,汗をかきやすい・かぜをひきやすいなどの症状が加わる.",人参・白朮・茯苓・猪苓・薏苡仁など.,参苓白朮散・六君子湯合五苓散・防巳黄耆湯・防巳茯苓湯,"脾による吸収や津液の運輸の機能を高め,元気をつけて尿の排出を促進する,〈益気健脾・利水〉を行う.","森 雄材,「漢方・中医学臨床マニュアル症状から診断・処方へ」, 医歯薬出版株式会社, 2004/02/01, ISBN 4263201957"
bb450be21860421d976b2f888251adf9,陽虚湿盛,"慢性病・老化などで,主に腎の陽気による温煦(温める機能)と「蒸騰気化」が衰え,水分の排出ができなくなったために浮腫が発生する病態である.体の諸機能が衰弱し熱量の産生が不足し,体内が冷えて気機が渋滞し,蒸騰気化が低下して水分の排出ができなくなり,浮腫を生じた状態に相当する.場合によっては全身の高度の浮腫・胸水・腹水・呼吸困難・尿が出ないなどを呈し,衰弱して死亡に至ることもある.入院加療の必要もある.",全身,,,,,"森 雄材,「漢方・中医学臨床マニュアル症状から診断・処方へ」, 医歯薬出版株式会社, 2004/02/01, ISBN 4263201957"
95b9f8a9003d4d078eb7a85a41dee297,脾腎陽虚・湿盛,"脾・腎の陽気が衰弱して温煦ができず,冷えにより気機が渋滞し,脾の運輸と腎の蒸騰気化が低下して水分が停留し,肌膚にあふれで浮腫を呈する病態である.",全身,"下半身を主とする高度の浮腫と尿量減少があり,冷え・寒がる・食欲不振・泥状便・体が重だるい・元気がない・舌質が胖大・舌苔が白滑・脈が沈で遅いなどの症状を伴う.","温腎の附子・肉桂・乾姜,健脾利水の白朮・茯苓など.",真武湯・実脾散,"体を温めて機能と活力を増強し,水分の運輸と蒸騰気化を強めて排泄を促進する.〈温腎健脾・利水〉を行う.","森 雄材,「漢方・中医学臨床マニュアル症状から診断・処方へ」, 医歯薬出版株式会社, 2004/02/01, ISBN 4263201957"
9567a24e1b394d45a521bb2469f546f8,腎陽虚・湿盛,"腎陽が虚衰し,蒸騰気化が不足して水分を排出できないために停積して浮腫を生じる病態である.",全身,"下半身を主とする浮腫と尿量減少があり,冷える・寒がる・腰や膝がだるく無力・舌質が胖大・脈が沈で遅いなどを伴う.","温補腎陽の附子・肉桂・鹿角膠・熟地黄,補腎利水の牛膝・車前子など.",牛車腎気丸,"体を温め活力をつけて蒸騰気化を強め,水分の排泄を促進する.〈温補腎陽・利水〉を行う.","森 雄材,「漢方・中医学臨床マニュアル症状から診断・処方へ」, 医歯薬出版株式会社, 2004/02/01, ISBN 4263201957"
7fd908f2ff2746d6b4d1a3581cee43fd,血虚湿盛,"月経異常・出産・慢性病・出血などによる消耗,牌虚による血の生成不足などで,血の濡養が不足することにより気機が失調し,津液の流通が悪くなって停積し,利用できない水分に変化して浮腫を生じる病態である.",全身,"むくみ・浮腫のほか,顔色が悪い・度膚につやがない・月経の遅れ・経血が少ない・四肢のしびれ感・舌質が淡白・脈が細いなどの血虚の症状が現れる.血虚のために柔肝ができず,肝気の疏泄が失調するときは,ゅううつ・いらいら・ヒステリックな反応・怒りっぽい・脈が弦で細いなどがみられる.","補血の当帰・白芍・川芎,利水の白朮・茯苓・猪苓など.",当帰芍薬散・帰芍六君子湯・逍遙散・加味逍遙散・四逆散合五苓散・柴芍六君子湯,"血を補い栄養・循環状態を改善し,津液の運輸を促進して水分の排出を促す,〈補血利水〉を行う.","森 雄材,「漢方・中医学臨床マニュアル症状から診断・処方へ」, 医歯薬出版株式会社, 2004/02/01, ISBN 4263201957"
e6d9a3c92fd240029b3d2aa75427fe64,陰虚湿滞,"熱病・慢性病などで陰液が消耗して内熱が生じ,体内の水液が濃縮されて流動性が悪くなるために停留して浮腫を呈する病態である.乾燥症状とともに浮腫がみられるのが特徴であるが,頻繁に現れる病態ではなく,かなり重篤である.",全身,"下半身を主とする浮腫に,るい痩・皮膚の乾燥・口や咽の乾燥・ほてり・熱感・腰や藤がだるく無力・舌質が絳で乾燥・脈が浮で速く力がないなどを伴う.","滋陰の生地黄・玄参・麦門冬・阿膠,利水の猪苓・沢瀉など.",六味丸合猪苓湯,"滋陰により体液を補充し,栄養を与えながら水分の流動性を回復させて排出する,〈滋陰利水〉を行う.","森 雄材,「漢方・中医学臨床マニュアル症状から診断・処方へ」, 医歯薬出版株式会社, 2004/02/01, ISBN 4263201957"
74857980cb0e4434a78164f0599c583b,虚証,"体に必要不可欠な機能的・物質的要素である「正気」が不足した状態であり,先天的虚弱・老化・慢性病による消耗・過労・精神的ストレスによる消耗などで発生するほか,熱病の回復期・激しい発汗や吐瀉の後・出血の後などにも現れる.正気には,大きく分けて陽気(気)と陰液(血・津液・精)の別がある.陽気は主に機能を,陰液は主に物質を代表する.ただし,陽気は陰液を元にして生じ,陰液は飲食物から陽気の作用を通じて産み出されるので,陰液と陽気には相互に深い関連性がある.疲労倦怠感は,陽気の不足すなわち機能の低下が直接引き起こす症状である.しかし,陽気の不足が陰液の産生を減少させたり,陰液の不足から陽気の発生が不十分になるというように,陽気不足の半面として陰液不足が関与していることが多い.陽気が不足すると,元気がない・気力がない・生気がない・おとなしくもの静かである・横になりたがる・動いたりものをいうのがおっくうである・朝が起きにくい・すぐに疲れる・脈が弱いなど,精神・身体両面の機能低下による無力症状がみられる.陰液の不足を伴うときには,さらにるい痩・色つやが悪い・筋肉が柔らかく張りがない・爪がもろい・毛髪につやがないなどが現れる.",全身,,,,,"森 雄材,「漢方・中医学臨床マニュアル症状から診断・処方へ」, 医歯薬出版株式会社, 2004/02/01, ISBN 4263201957"
9b1637120041498990b262f0cff75957,腎陽虚,"先天的虚弱・老化・慢性疾患などで,腎の陽気が衰えた状態である.",全身,"疲労倦怠・元気がない・活力がないなどの無力症状とともに,視覚・聴覚・味覚・触覚など知覚の鈍麻,生殖能力・知能・運動能力などの衰え,さらに冷え・寒がる・舌質が胖・舌苔が白滑・脈が沈で遅く弱いなどの虚寒の症状を伴う.","「血肉有情の品」と呼ばれる動物薬の鹿茸・紫河車・鹿角膠,および補陽の杜仲・菟絲子・附子・肉桂など.",右帰丸・亀鹿二仙膠,"体を温めて元気をつける,〈補陽〉を行う.","森 雄材,「漢方・中医学臨床マニュアル症状から診断・処方へ」, 医歯薬出版株式会社, 2004/02/01, ISBN 4263201957"
ae3b06f85f1543908c9e132caa8ed3c7,気虚,"慢性病・鹿弱体質・過労などによる,気の不足すなわち機能低下の状態である.",全身,,,,,"森 雄材,「漢方・中医学臨床マニュアル症状から診断・処方へ」, 医歯薬出版株式会社, 2004/02/01, ISBN 4263201957"
c14515d3504d4492834e254f5fce5c9f,脾胃気虚,脾胃の運化が低下して水穀の精微を全身に供給できないために疲労倦怠感を引き起こす病態である.さらに進行して陽気の温煦が低下すると陽虚が現れる.消化吸収機能が悪くなってエネルギーの供給が不足した状態に相当する.,全身,"疲れやすい・元気がない・四肢がだるい・脈が弱いなどとともに,食欲不振・味がない・少ししか食べられない・消化が悪い・泥状便~水様便・腹が脹るなどの消化器症状がみられる.牌胃陽虚では,さらに寒がる・冷え・脈が沈で遅いなどの虚寒の症状がみられる.",人参・白朮・茯苓・炙甘草など.,四君子湯・六君子湯・人参湯(理中湯)・附子理中湯,"脾胃の運化すなわち消化吸収機能を高めて元気を出させる,〈健脾益気〉を行う.","森 雄材,「漢方・中医学臨床マニュアル症状から診断・処方へ」, 医歯薬出版株式会社, 2004/02/01, ISBN 4263201957"
6091100f31ef497296abaa4bfa3fb3c6,気虚下陥,"気が不足して昇挙する能力が低下し,気機が下陥する病態である.筋力が低下したアトニー状態に相当し,支持組織の緊張低下による内臓の下垂傾向がみられるほか,血管抵抗が弱くなり重力に抵抗して血液を上部に送る能力が低下するために虚血性の頭部症状もよく現れる.",全身,"疲れやすい・元気がない・倦怠感・脈が沈で弱いなどとともに,胃下垂・遊走腎・脱肛・子宮下垂・下腹部の下墜感などの下垂症状,立ちくらみ・ふらつき・めまい・頭痛・肩こりなどの上部の虚血性の症状がみられる.",黄耆・人参・柴胡・升麻・葛根など.,補中益気湯・挙元煎,"諸機能を活発にし筋の緊張を高める,〈益気昇陥〉を行う.","森 雄材,「漢方・中医学臨床マニュアル症状から診断・処方へ」, 医歯薬出版株式会社, 2004/02/01, ISBN 4263201957"
44d5ecefac5947a395fc901296eddb05,気血両虚,"虚弱体質・老化などによる気血の不足,慢性疾患・出産・出血などによる気血の消耗,気虚が慢性に経過して血の産生が不足するなどの原因で,気虚と血虚の両面が発生する病態である.機能低下だけでなく,栄養面や循環血液量の低下も伴う状態に相当する.",全身,"元気がない・疲れやすい・倦怠感・息切れ・脈が弱いなど気虚の症状以外に,顔色につやがない・皮膚のきめが粗い・爪がもろい・筋肉のひきつり・しびれ・目の疲れ・目のかすみ・眠りが浅い・夢をよくみる・目が覚めやすい・月経量が少ない・月経が遅れる・舌質が淡白・脈が細いなどの血虚の症状を伴う.","補気の人参・黄耆・白朮,補血の当帰・白芍・熟地黄・酸棗仁・竜眼肉など.",八珍湯・十全大補湯・人参養栄湯・帰脾湯,"機能を高めるとともに血を補い栄養状態を改善する,〈気血双補〉を行う.","森 雄材,「漢方・中医学臨床マニュアル症状から診断・処方へ」, 医歯薬出版株式会社, 2004/02/01, ISBN 4263201957"
ce0c3e0f92554062a64d0e000ae58d2c,気津両傷,"熱病・暑熱の環境・激しい運動や労働,あるいは激しい吐潟・利尿剤の服用過多などにより,気と津液を消耗した病態で,かなり急性に生じる.気力と体液(津液)が失われた状態に相当する.熱病の回復期によくみられるほか,夏パテのー形態として季節的に現れることが多い.",全身,"元気がない・倦怠感・疲労感・息切れ・動きたくない・脈が弱いなどの気虚の症状以外に,咽の掲き・水分を欲しがる・口唇や皮膚の乾燥・舌の乾燥など津液不足の乾燥症状がみられる.","益気生津の人参・炙甘草,生津の麦門冬・五味子・玉竹・天花粉・沙参など.",生脈散・清暑益気湯・沙参麦冬湯・益胃湯,"元気をつけ体液を補充する,〈益気生津〉を行う.","森 雄材,「漢方・中医学臨床マニュアル症状から診断・処方へ」, 医歯薬出版株式会社, 2004/02/01, ISBN 4263201957"
2836e393e114443e9d8dc9292c7b16c2,気陰両虚,"熱病・慢性病・老化などによる消耗で,気と陰液が同時に不足し虚熱を伴う病態である.体力や機能が低下すると同時に,栄養状態の悪化・体液の喪失・体内の異化作用亢進による熱量増加などが加わった状態に相当する.",全身,"元気がない・倦怠感・疲労感・息切れ・だるい・脈が弱いなどの気虚の症状以外に,るい痩・皮膚が乾燥してつやがない・咽の渇き・午後の熱感・手のひらや足の裏のほてり・頬部の紅潮・のぼせ・ねあせ・舌質が絳・少苔~無苔・脈が速いなど陰虚の虚熱症状がみられる.","益気の人参・炙甘草,滋陰の生地黄・玄参・麦門冬・天門冬など.",炙甘草湯,"元気をつけ機能を高めると同時に,栄養・体液を補充して虚熱を冷ます,〈益気滋陰〉を行う.","森 雄材,「漢方・中医学臨床マニュアル症状から診断・処方へ」, 医歯薬出版株式会社, 2004/02/01, ISBN 4263201957"
5c95ef526e884caba07aa58cc97db16e,気機不利,"様々な原因で気機,すなわち気の流れが円滑でなかったり停滞するために,突然にあるいは間歇的に疲労倦怠を感じる病態である.車にたとえると,ガソリンは十分にあるのに,途中のパルプの開閉がうまくいかなかったり,何かがパイプにつまり,エンジンが急激にあるいは時々不調になるような状態である.",全身,,,,,"森 雄材,「漢方・中医学臨床マニュアル症状から診断・処方へ」, 医歯薬出版株式会社, 2004/02/01, ISBN 4263201957"
875ca257c488425ba3a29307220d3015,少陽枢機不利,"気と津液の通路である三焦(少陽の部位)が,様々な要因によって邪魔されて時に通じにくくなる病態で,一時的に気機が停滞すると突然疲れ,まもなく気の流通が回復すると元に戻る.自律神経失調症の一つのタイプである.",全身,"突然疲れてまもなく回復するといった状態を繰り返すほか,いらいら・口が苦い・口の乾燥・めまい・目のかすみ・胸脇部が脹って苦しい・寒くなったり熱くなったりする・吐き気・食欲不振・動悸・咳・汗があまり出ない・むくみ・尿が少ない・脈が弦で無力ではないなどの,気・津液の流通失調による多彩な全身症状が出没し反復する.",柴胡・半夏・生姜・黄芩など.,小柴胡湯・柴胡加竜骨牡蛎湯・柴胡桂枝湯,"少陽での気の流れを順調にさせる,〈通調少陽枢機〉を行う.","森 雄材,「漢方・中医学臨床マニュアル症状から診断・処方へ」, 医歯薬出版株式会社, 2004/02/01, ISBN 4263201957"
2361481e0f424a5b93e07337b181011b,肝鬱気滞,"緊張・精神的ストレスなどにより肝気が鬱滞し,気機を疏泄できなくなる病態である.情緒系・自律神経系の緊張に伴う機能の停滞であり,精神的疲労に相当する.",全身,"精神的な原因で突然に疲労倦怠感が生じて反復し,抑うつ感・ゆううつ・やる気が出ない・いらいら・怒りっぽい・頭痛・不眠・ヒステリックな反応・脈が弦で有力などがみられる.体力的には衰えていないので,運動したり声を出したり,好きなことに没頭するといった肉体的・精神的な発散により,一時的にリラックスして疲労倦怠感が消失することが多い.ただし,肝鬱気滞の状態が長期にわたったり反復すると,次第に体力・気力が消耗して,虚証へと変化していく.早期にストレスを解除したり,治療によってストレスへの抵抗性を高める必要がある.",柴胡・香附子・青皮・鬱金・白芍など.,四逆散・柴胡疏肝散・逍遙散・加味逍遙散,"肝気をのびやかにして精神・機能を円滑に働かせるようにする,〈疏肝解鬱〉を行う.","森 雄材,「漢方・中医学臨床マニュアル症状から診断・処方へ」, 医歯薬出版株式会社, 2004/02/01, ISBN 4263201957"
14a2f3e7dfdc47b0a6b06c7831e1b8fc,湿滞,"様々な原因で体内に湿邪が停滞し,気機を阻滞する病態である.体内に水分が停滞し,余分な重量をかかえるために体が重だるく,また水分が血管を圧迫したり神経の機能や伝達を阻害して機能が悪くなる状態に相当する.",全身,,,,,"森 雄材,「漢方・中医学臨床マニュアル症状から診断・処方へ」, 医歯薬出版株式会社, 2004/02/01, ISBN 4263201957"
9b770c24c7a349309544cd9364a9041b,湿阻気機,"湿気の多い環境で外湿が侵入したり,飲食の不摂生などで脾胃の運化が阻害されて内湿が生じ,内・外の湿邪が気機を困阻する病態である.",全身,"倦怠感があり体が重だるく,むくみを伴うのが特徴で,食欲不振・吐き気・泥状便・頭がぼんやりする・いつも眠い・厚賦苔などを伴う.",蒼朮・白朮.薏苡仁・藿香・厚朴など.,藿香正気散・平胃散・胃苓湯,"水分を除去し気の流通を強める,〈理気祛湿〉を行う.","森 雄材,「漢方・中医学臨床マニュアル症状から診断・処方へ」, 医歯薬出版株式会社, 2004/02/01, ISBN 4263201957"
e7fd1f366db14b4ea534089d5875ee88,湿熱壅滞,"温熱の邪の侵襲・湿邪の停滞化熱・飲酒癖などが原因で,湿熱が停滞して気機を困阻する病態である.「湿熱燻蒸」といわれるように,熱で蒸し上げるような症状が現れる.体内の水分停滞と同時に炎症や神経系の興奮による熱症状を呈する状態で,ウイルス性疾患・自律神経失調症・飲酒癖・美食・大食などでよくみられる.",全身,"全身倦怠感・体が重だるい・むくみなど湿阻気機の症状のほか,頭からの発汗・口が粘る・強い口臭や体臭・腹満・下痢・微熱の起伏・尿が濃く少ない・悪臭のある帯下・甚だしいと黄疸・黄賦苔・脈がやや速いなどを伴う.",茵蔯蒿・滑石・山梔子・薏苡仁・赤小豆・車前子・猪苓・沢瀉など.,茵蔯蒿湯・茵蔯五苓散・五淋散・連朴飲・杏仁滑石湯,"湿を除くと同時に熱を冷ます,〈清利湿熱〉を行う.","森 雄材,「漢方・中医学臨床マニュアル症状から診断・処方へ」, 医歯薬出版株式会社, 2004/02/01, ISBN 4263201957"
1dc73950e04649a4bc7d2bbf70c1743a,胃熱,"胃は飲食物を腐熟して水穀の精微に変化させ,全身を栄養する原料を提供するが,辛媒なもの・熱すぎるもの・甘いもの・あぶらっこいものの嗜好や飲酒癖などで胃熱が生じ,胃熱のために腐熟が亢進しすぎて精微を産生できず,また邪熱が異化作用を亢進させて陰津を消耗するために,大量に飲食するにもかかわらず体を栄養できず,物質面の消耗も続いて,次第にるい痩する病態である.この病態が続くと,水穀の精微が少ないために陰液の産生が減少するうえに,邪熱が陰液を消耗するので,次第に陰虚へと移行する.",全身,"よく食べるがすぐに空腹になり,食べても食べても身につかずに痩せ,咽の渇き・水分をたくさん飲む・口臭・胸やけ・便秘・尿が濃い・暑がる・舌質が紅・黄色い舌苔・脈が速く力があるなどを伴う.",石膏・知母・生地黄・玄参・黄連など.,白虎湯・白虎加人参湯・竹葉石膏湯,"胃熱を冷まして腐熟を正常化し陰津の消耗を防止する,〈清胃瀉火〉を行う.","森 雄材,「漢方・中医学臨床マニュアル症状から診断・処方へ」, 医歯薬出版株式会社, 2004/02/01, ISBN 4263201957"
832dbddac8964451b117c6c699bb3667,心肝火旺,"精神的ストレス・悩み・怒り・過度の思慮・恋情などにより,心火・肝火が生じて火熱が陰血を損耗するためにるい痩する病態である.この病態が続くと陰血が引き続いて消耗し,次第に陰虚へと移行する.",全身,"いらいら・焦燥・怒りっぽい・ヒステリックな反応・不眠・頭痛・めまい・目の充血・のぼせ・ほてり・胸が熱苦しい・舌質が紅・黄色い舌苔・脈が弦で速く力があるなどがあり,食べても次第に痩せ,甚だしければ食べる気もなくなってるい痩する.","清肝瀉火の黄芩・山梔子・竜胆草,清心瀉火の黄連・生地黄・竹葉・連翹など.",竜胆瀉肝湯・三黄瀉心湯・黄連解毒湯・導赤散,"肝・心の邪熱を冷まして陰血の消耗を防ぐ,〈清肝瀉火・清心瀉火〉を行う.","森 雄材,「漢方・中医学臨床マニュアル症状から診断・処方へ」, 医歯薬出版株式会社, 2004/02/01, ISBN 4263201957"
df20a769ff3a4ab0b310e435f032f132,陰虚,"慢性病・老化・過労・熱病などによる消耗,あるいは胃熱・心肝火旺などの火熱による消耗で,陰液が損傷を受けてるい痩するが,陰虚によって生じる内熱のために常に陰液の耗損が続き,太ることができない病態である.心・肺・肝・腎の陰虚を区別する必要があり,基本的な病態は類似する.",全身,"るい痩して皮膚が乾燥し,体の熱感・午後や夜間に熱感が強い・手のひらや足の裏のほてり・ねあせ・舌質が絳で乾燥・少苔~無苔・脈が浮で速く力がないなどが共通してみられる症状である.心陰虚では,さらに不眠・もの忘れ・焦燥・動停などが現れる.肺陰虚では,慢性の乾いた咳・少痰~無痰・痰に血が混じるなどがみられる.肝腎陰虚では,視力減退・耳鳴り・筋肉のひきつり・手のふるえ・腰や膝がだるく無力などがみられる.","滋陰の生地黄・熟地黄・玄参・阿膠・亀板・鼈甲・百合・麦門冬・枸杞子,清虚熱の知母・牡丹皮・地骨皮など.","心陰虚には天王補心丹,肺陰虚には都気丸・百合固金湯・補肺阿膠湯,肝腎陰虚には六味丸・杞菊地黄丸・知柏地黄丸","陰液を滋潤するとともに,内熱持して消耗を防ぐ,〈滋陰清熱〉を行う.","森 雄材,「漢方・中医学臨床マニュアル症状から診断・処方へ」, 医歯薬出版株式会社, 2004/02/01, ISBN 4263201957"
4e72333b469b4e66b4a554d72caf4e43,脾胃虚損,"先天的虚弱・老化・慢性病・熱病・飲食の不摂生などによる消耗で,脾あるいは胃が衰弱した病態である.脾胃の虚損には,機能の不足である気虚と物質の不足である陰虚の別があるが,相互に関連している.",全身,,,,,"森 雄材,「漢方・中医学臨床マニュアル症状から診断・処方へ」, 医歯薬出版株式会社, 2004/02/01, ISBN 4263201957"
0ddf717c9c1046b281202acd9c38502e,胃気慮,胃気が不足して受納と腐熟ができない病態である.,全身,"食べられない・少し食べると上腹部が脹って満腹になる・吐き気・嘔吐・舌質が淡・脈が弱いなどの症状があり,次第にるい痩する.","和胃通降の半夏・陳皮・砂仁・生姜,益気の人参・白朮など.",小半夏湯・小半夏加茯苓湯・六君子湯・香砂六君子湯,"胃の機能を高めて受納と腐熟を正常にする,〈益気和胃〉を行う.","森 雄材,「漢方・中医学臨床マニュアル症状から診断・処方へ」, 医歯薬出版株式会社, 2004/02/01, ISBN 4263201957"
d904aa87cca64ca59ad2fd46d0125dd7,胃陰虚,"胃の陰液が不足したために気機が失調して,胃気が下降しなくなって受納も腐熟もできない病態である.",全身,"空腹感はあるが食べられない・少し食べると上腹部が脹って満腹になる・乾嘔・咽の渇き・水分を欲しがる・舌質が絳で乾燥・舌苔が少ない・脈が浮で速く力がないなどの症状があり,次第にるい痩する.",麦門冬・天門冬・沙参・玉竹・石斛・天花粉など,麦門冬湯・沙参麦冬湯・養胃湯・益胃湯,"胃の陰液を滋潤することにより,胃気を正常化して受納と腐熟を行わせる,〈滋養胃陰・和胃〉を行う.","森 雄材,「漢方・中医学臨床マニュアル症状から診断・処方へ」, 医歯薬出版株式会社, 2004/02/01, ISBN 4263201957"
04512e39cf734b11ab93011e07201e43,脾気虚,脾気が不足して水穀の精微を吸収して運輸することができない病態である.,全身,"食欲不振・腹がすかない・食べたいと思わない・味がない・食べると腹が脹る・泥状便~水様便・舌質が淡・脈が弱いなどの症状があり,次第にるい痩し,元気がない・ものをいうのがおっくう・疲れやすい・動きたがらない・息切れなどを伴う.","健脾の自朮・茯苓・炙甘草・大棗,益気の人参・黄耆・党参など.",四君子湯・異功散・六君子湯,"脾の機能を高めて吸収と運輸を正常にする,〈益気健脾〉を行う.","森 雄材,「漢方・中医学臨床マニュアル症状から診断・処方へ」, 医歯薬出版株式会社, 2004/02/01, ISBN 4263201957"
561002a4d9664026ae06de6091412ef0,脾気陰両虚,"脾気が不足して,水穀の精微の吸収と運輸が不十分になるために,陰液の供給が不足して次第に脾陰も不足し,気機が失調して脾の運輸がより悪化する病態である.",全身,"脾気虚の症状以外に,口唇の乾燥・皮膚につやがない・爪傍の角化・手足のほてり・口唇や舌質が紅・舌苔が少ないあるいは地図状・脈が浮で速いなどの症状がみられる.","滋補脾陰の山薬・蓮肉・芡実・薏苡仁・白扁豆,益気健脾の人参・白朮・炙甘草など.",四君子湯加山薬・資生湯・啓脾湯・参苓自朮散,"脾の陰液を滋潤して脾気を正常化させるとともに,脾気を補って吸収・運輸の機能を高める,〈滋補脾陰・益気健脾〉を行う.","森 雄材,「漢方・中医学臨床マニュアル症状から診断・処方へ」, 医歯薬出版株式会社, 2004/02/01, ISBN 4263201957"
5acdc95a107d468c87187badfefa6b8a,心火,思い・悩み・恋慕・欲求が遂げられないなどによって心気が亢盛になって化火し、心火が心神を擾動するためにいらいらが引き起こされる病態である。,精神・神経,焦燥感があっていても立ってもいられず、動悸・不安・胸が暑苦しい・不眠・舌尖が紅くしみるように痛む・口内炎・舌苔が黄・脈が速く有力などを伴う。,清心火の黄連・黄芩・山梔子・生地黄・連翹、安神の竜骨・牡蠣・磁石、心火を下行させて尿から除く木通・甘草梢など。,三黄瀉心湯・黄連解毒湯・導赤散・清心蓮子飲,心火を冷まして心神を安定させる、《清心安神》を行う。,"森 雄材,「漢方・中医学臨床マニュアル症状から診断・処方へ」, 医歯薬出版株式会社, 2004/02/01, ISBN 4263201957"
cf9444a6f4854265bf26e3c867e93490,肝火,精神的なストレス・怒り・情緒の抑うつなどによって、肝気が鬱して化熱し、肝火となって心神を擾乱するためにいらいらが生じる病態で、原因が除かれないか治療が不適切であれば、心火と同様に痰熱や陰虚へと移行し慢性化する。,精神・神経,いらいらして怒りっぽいと同時に、ヒステリックな反応・胸脇部が脹って痛む・頭痛・耳鳴り・口が苦い・舌の尖辺が紅・舌苔が黄・脈が弦で早く有力などがみられる。,清肝瀉火の竜胆草・黄芩・山梔子、疏肝の柴胡・香附子・白芍、安神の竜骨・牡蠣など。,竜胆瀉肝湯・加味逍遙散・柴胡疏肝散・柴胡加竜骨牡蛎湯・大紫胡湯,肝火を冷ますことによっていらいらを静める、《清肝瀉火・安神》を行う。,"森 雄材,「漢方・中医学臨床マニュアル症状から診断・処方へ」, 医歯薬出版株式会社, 2004/02/01, ISBN 4263201957"
463b486985b141d18d0426448ee7b38d,痰熱上擾,心火や肝火により津液が煮つめられて生じた痰が火熱と結びついて痰熱になったり、飲食の不摂生や飲酒癖で痰湿が内生し次第に化熱して痰熱に変化し、痰熱が心神を上擾するためにいらいらが生じる病態である。,精神・神経,いらいらとともに、不眠・驚きやすい・動悸・痰が多い・胸苦しい・めまい・吐き気・嘔吐・黄膩苔・脈に力があるなどがみられる。,化痰の半夏・陳皮・竹筎・桔梗・貝母、清熱の黄蓮・黄芩・山梔子など。,温胆湯・黄連温胆湯・竹筎温胆湯,熱を冷ますとともに痰を除く、《清熱化痰》を行う。,"森 雄材,「漢方・中医学臨床マニュアル症状から診断・処方へ」, 医歯薬出版株式会社, 2004/02/01, ISBN 4263201957"
b06d888930994118b72734a66323a1db,陰虚火旺,心火・肝火・痰熱などの火熱による陰液の消耗、慢性病・老化・過度の性生活・多産などに伴う消耗により、陰液が不足して陽気を抑制できなくなって内熱を生じ、内生した火熱が上亢して心神を擾乱するためにいらいらが生じる病態である。,精神・神経,いらいら・焦燥とともに、体の熱感・のぼせ・ほてり・口の乾燥・不眠・ねあせ・腰や膝がだるく無力・舌質が絳・少苔～無苔・脈が浮で速く力がないなどの陰虚の症状がみられる。,滋陰の生地黄・熟地黄・玄参・天門冬・表門冬・阿膠・滋陰潜陽の亀板・鼈甲、瀉火の知母・黄柏など。,知柏地黄丸・滋陰降火湯,陰液を滋潤して上亢している火熱を降下させる、《滋陰降火》を行う。,"森 雄材,「漢方・中医学臨床マニュアル症状から診断・処方へ」, 医歯薬出版株式会社, 2004/02/01, ISBN 4263201957"
c60c5492751743a385c1144229a036a2,心火,思い・悩み・恋慕・欲求が遂げられないなどによって心気が過度に亢盛して化火し、心火が心神を激しく乱すために不眠を引き起こす病態である。治療が不適切で原因が除かれないと、持続する心火が陰血を次第に消耗して、心陰虚や心腎不交などに移行する。,精神・神経,強い不眠で紋々として夜通し眠れず、眠っても夢をよくみてすぐに目覚め、胸が暑苦しい・焦燥・動悸・顔面紅潮・口が苦い・舌尖がしみるように痛む・口内炎の多発・舌尖が紅・舌苔が黄・脈が速く有力など上部の激しい興奮症状がみられる。,清心火の黄連・黄芩・山梔子・生地黄・連翹、安神の竜骨・磁石・竜骨・牡蠣、心火を下行させて尿から除く木通・甘草梢など。,三黄潟心湯・黄連解毒湯・赤導散 清心連子飲,心火を冷まして心神を安定させる、《清心安神》を行う。,"森 雄材,「漢方・中医学臨床マニュアル症状から診断・処方へ」, 医歯薬出版株式会社, 2004/02/01, ISBN 4263201957"
ee96288d4c6c4163a68864eb975dcf12,肝鬱化火,精神的なストレス・怒り・情緒の抑うつなどで肝気が鬱し、化熱して肝火となって心神を擾乱するために不眠が生じる病態である。多くの場合に肝火が心にも波及して心火を引き起こし、心肝火旺の状態になって甚だしい不眠が発生する。,精神・神経,あれこれ考えたりいらいらして寝つけず、眠っても夢をよくみてすぐに目覚め、朝早く起きてしまい、怒りっぽい・目の充血・頭痛・耳鳴り・胸脇部が脹って苦しい・舌の尖辺が紅・舌苔が黄・脈が弦で速く有力などの症状もみられる。,清肝解鬱の竜胆草・柴胡・黄芩・山梔子、安神の竜骨・牡蠣など。,竜胆潟肝湯,肝気を疏通し肝火を清泄して心神を安定させる、《清肝解鬱・安神》を行う。,"森 雄材,「漢方・中医学臨床マニュアル症状から診断・処方へ」, 医歯薬出版株式会社, 2004/02/01, ISBN 4263201957"
8dfd2fd2458c4a5d8cbd56fc55522816,胃気不和,暴飲暴食・飲食の不摂生・就寝前の飲食などにより胃内に食滞を形成し、不消化物による濁気が心神を上擾するために不眠が生じる病態である。ヨガで、寝る前に胃内の残渣を吐きもどすように指示しているのは、このためである。,精神・神経,なかなか寝つけず、眠っても夢をよくみてすぐ目覚め、腹満・げっぷ・腹痛・舌苔が厚・脈に力があるなどを伴う。,消導の麦芽・穀芽・萊菔子・山楂子・神麹、胃和の半夏・陳皮、瀉火の大黄など。,保和丸・枳実導滞丸,食滞を除き胃気を正常化する、《消食和胃》を行う。,"森 雄材,「漢方・中医学臨床マニュアル症状から診断・処方へ」, 医歯薬出版株式会社, 2004/02/01, ISBN 4263201957"
d2004007851d4b429c870278ac57cf79,痰熱擾心,飲食の不摂生・飲酒癖などで脾気が滞って痰湿が生じ、痰湿が胆気を鬱滞させて胆火を引き起こし、そのために痰湿が化熱して痰熱を生じたり、熱病の邪熱によって津液が濃縮されて痰熱に変化し、痰熱が上行して心神を乱すために不眠が生じる病態である。,精神・神経,いらいらして寝つきが悪い・夜中に驚いて目を覚ます・夢をよくみるなどとともに、口が苦い・吐き気・嘔吐・痰が多い・胸苦しい・黄膩苔・脈がやや速く力があるなどがみられる。,竹筎・半夏・胆南星・枳実・黄連・柴胡など。,温胆湯・黄連温胆湯・竹筎温胆湯・竹筎温胆湯・柴胡加竜骨牡蛎湯,熱を冷まして痰を除去する、《清熱化痰》を行う。,"森 雄材,「漢方・中医学臨床マニュアル症状から診断・処方へ」, 医歯薬出版株式会社, 2004/02/01, ISBN 4263201957"
91197c37fd0c49c3844084db751745c3,肝鬱血虚,精神的ストレス・緊張などによって肝気の疏泄が失調し、血を消耗したり脾胃の運化を失調させて気血の産生が不足するために、肝血が虚して柔肝できないので肝気をさらに失調させ、これにより心神が乱されて不眠が発生する病態である。,精神・神経,いらいらして寝つけない・眠りが浅い・すぐに目が覚めるなどとともに、怒りっぽい・ゆううつ・ため息・顔色につやがない・胸脇部が脹って苦しい・月経不順・舌質が淡・脈が弦で細いなどがみられる。,疏肝解鬱の柴胡・青皮・香附子・川芎、養血柔肝の白芍・当帰・熟地黄、健脾により生血を助ける白朮・茯苓、安神の酸棗仁湯,逍遙散・加味逍遙散・抑肝散加陳皮半夏・抑肝散・酸棗仁湯,肝の疏泄を順調にして鬱滞を解くとともに、肝血を滋養し肝気を柔順にし、心神を安定させる、《疏肝解鬱・養血安神》を行う。,"森 雄材,「漢方・中医学臨床マニュアル症状から診断・処方へ」, 医歯薬出版株式会社, 2004/02/01, ISBN 4263201957"
574ebe8e0ca14a579d4909ba034a259f,心脾両虚,過度の思慮や過労による心血の消耗と脾気の損傷で、心血と脾気の両面が不足し、脾による気血の生成も不足するため、心血の濡養が不十分になって心神が不安定になり不眠が生じる病態である。,精神・神経,眠りが浅く夢をよくみて夜間によく目が覚める、顔色につやがない・動悸・物忘れ・舌質が淡泊・脈が細いなどの心血虚の症状に、食欲不振・疲れやすい・倦怠感・日中に眠い・脈が弱いなどの脾気虚の症状を伴う。,益気健脾の人参・黄耆・白朮・炙甘草・大棗、養血安神の当帰・白芍・熟地黄・竜眼肉・酸棗仁・遠志・小麦など。,帰脾湯・加味帰脾湯・人参養栄湯・甘麦大棗湯,脾気を健運させて気血の産生を促し、心血を滋養して心神を安定させる、《益気健脾・補血養心》を行う。,"森 雄材,「漢方・中医学臨床マニュアル症状から診断・処方へ」, 医歯薬出版株式会社, 2004/02/01, ISBN 4263201957"
c7a325a5691f428a9679e0faa1f908b6,心陰虚,精神的ストレスの持続・慢性病・熱病などによって心の陰血が消耗し、陰血不足により陽気が有余して内熱が生じ、陰血による滋養が得られず、内熱が上擾するために心神が不安になり不眠を生じる,精神・神経,寝つきが悪い・眠りが浅い・夢をよくみる・すぐに目が覚めるなどとともに、動悸・焦燥感・物忘れ・体の熱感・頭面部のほてり・口内炎・舌質が絳・少苔～無苔・脈が浮で速く力がないなどがみられる。,滋陰養血の生地黄・熟地黄・玄参・天門冬・表門冬・白芍・当帰・養心安神の丹参・柏子仁・酸棗仁・五味子など。,天王補心丹,陰血を滋養することにより心神を安定させる、《滋陰養血・安神》を行う。,"森 雄材,「漢方・中医学臨床マニュアル症状から診断・処方へ」, 医歯薬出版株式会社, 2004/02/01, ISBN 4263201957"
5bd844406be746b4b6f1e9cbd6f11475,心腎不交,慢性病・熱病・過労・精神的ストレスの持続などで腎の陰液（腎水）が不足し、心の陰液を滋潤できないために心火が抑制されないまま上亢したり、心火が熾盛で次第に陰血を消耗して腎陰（腎水）が虚し、心火が上亢したまま下交せず、腎水が不足して心の陰液を助けないために、心と腎が交通しなくなって重度の不眠をきたす病態である。太陽が水を温めて水蒸気が上昇するように、心火（心陽）が下行して腎水（腎陰）を温め、腎水が上行して心の陰液を滋潤するという「水火既済」「心腎相交」の状態が正常であり、心火と腎水が相交しないこの病態を「心腎不交」という。,精神・神経,焦燥感があって夜通し眠れず、輾転反側（何度も寝がえりをうつ）し、動悸・口内炎・頭のふらつき・体の熱感・咽の渇き・腰や膝がだるく無力・舌質が絳・舌苔が少ない・脈が浮で速く力がないなどを伴う。,清心火の黄連・黄芩、滋腎陰の阿膠・生地黄・白芍、交通心腎の鶏子黄など。,黄連阿膠湯,心火を清すると同時に腎陰を滋潤して、水火既済を回復させる、《清心火・滋腎陰・交通心腎》を行う。,"森 雄材,「漢方・中医学臨床マニュアル症状から診断・処方へ」, 医歯薬出版株式会社, 2004/02/01, ISBN 4263201957"
fe036e42446148fea95d1f7d80900aaf,心胆虚怯,先天的虚弱・過労・高度の精神的ストレス・慢性病などのために虚弱で心神が不安なものが、驚いたり恐怖にさらされ、胆気が虚してさらに驚きやすくなり、心神不安が甚だしくなった病態である。,精神・神経,怖くてひとりで眠ることができず、ビクビクして驚きやすく、すぐに目が覚めておびえ、元気がない・動悸・落ち着かない・脈に力がないなどがみられる。,益気健脾の人参・茯苓・茯神、鎮心定驚の竜骨・牡蠣など。,安神定志丸,元気や機能を高めて驚かないようにし、心神を安定させる、《益気定驚・安神》を行う。,"森 雄材,「漢方・中医学臨床マニュアル症状から診断・処方へ」, 医歯薬出版株式会社, 2004/02/01, ISBN 4263201957"
bc9e0ecec2b84a77b172f66d735ddddb,痰濁上擾,偏食・嗜好・美食・食事の不規則・暴飲暴食・飲酒といった食習慣および体質などの関連で、脾の運輸が障害されて津液が停滞して水湿になり、水湿が集まって粘稠な痰となり、痰が内風や火熱とともに東部に上昇して擾乱し、めまいを引き起こす病態である。古人が「脾は生痰の源である」と指摘しているように、痰を生じる根本原因は、津液の吸収と運輸を主っている「脾」にある。古来「痰がなければめまいが起こらない」といわれてるように、水液が停滞して粘稠な塊になった「痰」が、何らかの機序で頭部に上昇し、内耳の平衡感覚や眼球の運動、さらに脳の機能などを阻害し、めまいを引き起こす状態に相当する。,精神・神経,,,,,"森 雄材,「漢方・中医学臨床マニュアル症状から診断・処方へ」, 医歯薬出版株式会社, 2004/02/01, ISBN 4263201957"
7383b290e20045a4a9e8f3c3dc8033d4,風痰上擾,疲労・緊張・いらいら・睡眠不足・暴飲暴食といった様々な原因で気機が失調して内風を生じ、体内に伏在している「痰」が内風とともに上昇し、めまいを発生させる病態である。,精神・神経,回転性の強いめまいで立っていられず、同時に激しい吐き気・嘔吐を伴い、普段から食欲不振・満腹・体が重だるい・頭が重い・軟便・白膩苔などを呈している。,熄風化痰の天麻・半夏、健脾祛湿の白朮・茯苓など。,半夏白朮天麻湯・釣藤散,内風を止め痰を除くとともに、津液の吸収や運輸の改善して痰の産生を防止する、《熄風化痰・健脾祛湿》を行う。,"森 雄材,「漢方・中医学臨床マニュアル症状から診断・処方へ」, 医歯薬出版株式会社, 2004/02/01, ISBN 4263201957"
55ced4a60f2a4e9c8eb219bf2e1957da,痰熱上擾,精神的ストレス・怒りなどによる肝火、あるいは辛辣なものの摂取や飲酒癖による胃熱などで、内生した火熱が伏在している「痰」と結びつき、東部に上昇してめまいを発生させる病態である。,精神・神経,めまい・吐き気・嘔吐とともに、いらいら・怒りっぽい・不眠・口が苦い・黄色く苦い吐物・胃痛・黄膩苔・脈がやや速いなどの痰熱の症状がみられる。,清熱化痰の竹筎・貝母・栝楼仁・胆南星、清熱の黄連・黄芩など。,温胆湯・黄連温胆湯,熱を冷まし興奮を静め痰を除く、《清熱化痰》を行う,"森 雄材,「漢方・中医学臨床マニュアル症状から診断・処方へ」, 医歯薬出版株式会社, 2004/02/01, ISBN 4263201957"
a540773cbc2d4a5995cfc5165987e665,風火上煽,内生した火熱が内風とともに頭部を擾乱する病態で、火が風を起こし風が火を煽って上部に燃え上がるさまにたとえられる。いわゆる「頭に血がのぼる」ことで、自律神経系の興奮による代謝の亢進や脳の充血に相当する「火」が生じ、脳の興奮・内耳の平衡失調などによるめまい・頭痛という「風」の症状が引き起こされ、これがさらに自律神経系の興奮を助長するという関係に相当する。高血圧症・更年期障害・自律神経失調症などでよくみられ、脳卒中の前兆でもあるので注意が必要である。古書に「諸風掉眩はみな肝に属す」と記載されているように、めまい（掉眩）という「風」に症状は自律神経系に相当する「肝」と密接な関係があり、肝は木臓であり、木の枝が風によって揺れ動くような関係とみなされる。,精神・神経,,,,,"森 雄材,「漢方・中医学臨床マニュアル症状から診断・処方へ」, 医歯薬出版株式会社, 2004/02/01, ISBN 4263201957"
81efebbe39c248728f0d2b5f52b7df22,肝陽化風,精神的ストレス・激しい怒り・感情の鬱積などで肝火と内風が生じ、風火が頭面に上昇してめまいを引き起こす病態である。気力・体力などの消耗は明らかではなく、激しい持続的な症状を呈するのが特徴である。,精神・神経,強いめまい・ふらつき・割れるような持続性の頭痛・難聴・耳鳴りなどの内風の症状とともに、いらいら・怒りっぽい・のぼせ・顔面紅潮・目の充血・口が苦い・不眠・舌質が紅・舌苔が黄・脈が弦で速く有力などの火熱の症状がみられる。甚だしければ卒倒して意識不明に陥る。,釣藤鈎・天麻・羚羊角・石決明・竜胆草など。,天麻釣藤飲・竜胆瀉肝湯,脳や自律神経の興奮を静め肝火と内風を除く、《清肝熄風》を行う。,"森 雄材,「漢方・中医学臨床マニュアル症状から診断・処方へ」, 医歯薬出版株式会社, 2004/02/01, ISBN 4263201957"
e7bdcf1beac44e0f8b21491d703e6cc4,陰虚陽亢,先天性虚弱・慢性病、あるいは熱病や肝陽化風などが長引いて陰液が消耗し、陰液不足で陽気が抑制されないままに亢盛になり、虚熱となって頭面部を擾乱してめまいを引き起こす病態である。水が不足して枯れかけた木が揺らぎやすいことにたとえられ、体の栄養状態が衰えて体液が不足したために、自律神経系が興奮しやすくなってめまいを引き起こす状態に相当する。肝陽化風と症状は似ているが、間歇性・反復性であまり激しい症状ではなく、陰液不足を伴うのが特徴である。,精神・神経,めまい・ふらつき・頭痛などが反復して時々起こり、目の乾燥感・皮膚の乾燥・口の乾燥・るい瘦・のぼせ・ほてり・ねあせ・焦燥感・夢をよくみる・舌質が絳・少苔～無苔・脈が浮で速く力がないなどが現れる。,滋陰の生地黄・白芍・枸杞子・阿膠、滋陰潜陽の亀板・鼈甲など。,鎮肝熄風湯・大定風珠,体を栄養・滋潤することにより興奮を静め熱を冷ます、《滋陰潜陽》,"森 雄材,「漢方・中医学臨床マニュアル症状から診断・処方へ」, 医歯薬出版株式会社, 2004/02/01, ISBN 4263201957"
8a5a6ac28c104fa082bfc14f7822cc44,虚証,人体の構成成分である気・血・精が不足した状態である。,精神・神経,,,,,"森 雄材,「漢方・中医学臨床マニュアル症状から診断・処方へ」, 医歯薬出版株式会社, 2004/02/01, ISBN 4263201957"
ccd6b6d90b09462dba88a0e1d4f234f8,気虚下陥,先天性虚弱・慢性病・老化・過労などで気が不足し、気機が下陥するために清陽が上昇せず、頭面部が空虚になってめまいが生じる病態である。気力や機能が不足したアトニーの状態に相当し、重力に抵抗して血液を上部に押し上げる推動力が不足しているために脳虚血が生じ、めまい・ふらつきが発生する。,精神・神経,立ちくらみや動作時のふらつきが主体で、疲労時顕著になり、疲れやすい・元気がない・脈が弱いなどを伴う。,黄耆・人参・柴胡・升麻・葛根など。,補中益気湯・清暑益気湯・黄耆建中湯,気力を高め元気をつけ、筋緊張を強めて頭部の循環を改善する、《益気昇陥》を行う。,"森 雄材,「漢方・中医学臨床マニュアル症状から診断・処方へ」, 医歯薬出版株式会社, 2004/02/01, ISBN 4263201957"
92a27321d966471abe1c2d43e6cd12ec,血虚,先天性虚弱・産後・出血・慢性病などで血が不足し、頭面部に十分な血液が供給されないのでめまい・ふらつきが現れる。非常によくみられる病態である。,精神・神経,急に首を動かしたり体を動かすとクラッとなり、普段から頭がぼんやりする・目のかすみ・目の乾燥・顔色が悪い・爪の色が悪い・四肢のしびれ・舌質が淡泊・脈が細いといった血虚の症状がみられる。多くの場合、元気がない・疲れやすい・気力がない・脈が無力などの気虚の症状を伴っている。,益気の黄耆・人参、養血の熟地黄・当帰・白芍・川芎など。,当帰補血湯・十全大補湯・人参養栄湯・帰脾湯,栄養・滋潤し循環血液量を増す養血が目的であるが、機能を高める益気を通じて目的をより速やかに達成するために、《益気養血》を行う。,"森 雄材,「漢方・中医学臨床マニュアル症状から診断・処方へ」, 医歯薬出版株式会社, 2004/02/01, ISBN 4263201957"
1d8762c783424eaeaf2d160588d36d9a,腎精不足,先天性虚弱・老化・過度の性生活・多産などによって、腎精が不足して脳を上栄できないためにめまいが生じる病態である。「髄海空虚」とも称され、「腎が精を蔵し、精は髄を生じ、髄が集まって脳となる」ので、原因は腎精の不足である。脳の代謝・栄養・循環などすべての面が衰えた状態に相当する。,精神・神経,頭のふらつき・めまい感が慢性的に持続し、思考力減退・耳鳴り・物忘れ・目のかすみ・腰や下肢がだるく無力・舌質が嫩・脈に力がないなどを伴う。陽気の衰弱を伴うと冷え・寒がる・舌質が胖大・舌苔が白滑・脈が沈で遅いなどの虚寒が現れ、陰虚が顕著になるとほてり・のぼせ・舌質が絳・少苔～無苔・脈が浮で速いなどの虚熱が生じる。虚熱が甚だしくなると前述の「陰虚陽亢」の状態になり、めまいが強くなる。,「血肉有情」の品といわれる益精の動物薬である鹿茸・鹿角膠・阿膠・亀板・亀板膠・紫河車、補腎の地黄・山茱萸・五味子・杜仲など。,亀鹿二仙膠・左帰飲・左帰丸 虚寒を呈するときは、温陽散寒の附子・肉桂などを加える。 右帰飲・右帰丸・八味地黄丸 虚熱を呈するときは、清虚熱の牡丹皮・地骨皮・知母などを加える。 知柏地黄丸,生命の根源である精を養う物質を補充する、《補腎益精》を行う。,"森 雄材,「漢方・中医学臨床マニュアル症状から診断・処方へ」, 医歯薬出版株式会社, 2004/02/01, ISBN 4263201957"
2c121dbedcd54c8ea55d59a0ef4ee743,阻滞精陽,体内に発生した病理的産物が、軽清昇発の気である清陽の上昇を阻滞する状態である。,精神・神経,,,,,"森 雄材,「漢方・中医学臨床マニュアル症状から診断・処方へ」, 医歯薬出版株式会社, 2004/02/01, ISBN 4263201957"
ba28b573244c47ab8b0d1e686ee69f4f,水飲阻滞,先天性虚弱・慢性病・老化・過労などで陽気が不足し、津液が停積して稀薄な水飲に変化し、水飲が三焦を通じて上犯し、時にめまいを引き起こす病態である。水飲はよく移動するので、めまいは間歇的である。停滞した水液が血行や機能を阻滞した状態に相当し、頭部に十分な血液が送られないときにめまいが生じる。,精神・神経,時に発作性のめまい感・ふらつきがあり、むくみ・吐き気・嘔吐・下痢・舌苔が滑などを伴う。,温陽の附子・桂枝・乾姜、利水の白朮・茯苓など。,五苓散・茯苓飲・苓桂朮甘湯・真武湯,温めて機能を活発にして水飲を除く、《温陽利水》を行う。,"森 雄材,「漢方・中医学臨床マニュアル症状から診断・処方へ」, 医歯薬出版株式会社, 2004/02/01, ISBN 4263201957"
d84a491890e9414286d4e7015611e102,瘀血阻滞,外傷などで生じた瘀血が清陽の上昇を阻滞してめまいを生じる病態である。頭部打撲・むちうちなどの後遺症としてみられ、微小・散在性の内出血や軟部組織の障害により、脳や内耳の血行が阻滞されて発生するめまいである。,精神・神経,めまい・頭痛・肩こり・耳鳴りが増減しながら持続し、天候や体調によって変動する、舌の紫暗や瘀点・瘀斑がみられる。,桃仁・紅花・丹参・蘇木・大黄など。,桂枝茯苓丸・通導散・血府逐瘀湯,内出血を吸収し循環を改善する、《活血化瘀》を行う。,"森 雄材,「漢方・中医学臨床マニュアル症状から診断・処方へ」, 医歯薬出版株式会社, 2004/02/01, ISBN 4263201957"
b42aa51ad03b4fd1ae28388936f9cfc5,外感頭痛,外部が侵襲して経路を阻滞することにより頭痛が生じる病態であり、風邪が他邪を伴って侵犯するのが一般的である。いわゆる「かぜひき」の頭痛や感染症の頭痛に相当し、体の違和感・寒気・発熱などの感冒症状を伴っているのが特徴である。,精神・神経,,,,,"森 雄材,「漢方・中医学臨床マニュアル症状から診断・処方へ」, 医歯薬出版株式会社, 2004/02/01, ISBN 4263201957"
da840e4707a34e44b991838949ad336f,風寒頭痛,風寒の邪が侵襲し、凍結の性質をもつ寒邪が経路を凝滞させて頭痛を引き起こす病態であり、邪が一身の表（体表の大部分を占める）である太陽経を犯すことが多いので、太陽頭痛を呈するのが一般的である。,精神・神経,強いしめつけられるような頭痛で、項背部のこわばりを伴うことが多く、強い寒気・軽度の発熱・汗が出ない・体の痛み・脈が浮で緊張するなどがみられる。,麻黄・桂枝・荊芥・防風・生姜・蘇葉・葱白・細辛・白芷など。,麻黄湯・桂枝湯・葛根湯,体を温め発散することにより汗を出させて邪を外部に追い出す、《疏風散寒》を行う。,"森 雄材,「漢方・中医学臨床マニュアル症状から診断・処方へ」, 医歯薬出版株式会社, 2004/02/01, ISBN 4263201957"
0b31444ac03745cf9c409a6d744d0233,風熱頭痛,風熱の邪が侵襲し、邪熱が経路を擾乱するために頭痛が生じる病態である。年間を通じてよくみられる感冒、あるいはインフルエンザや炎症性疾患の初期に相当する。,精神・神経,脹ったような頭痛で、寒気は軽度で熱が高く、目の充血・咽痛・体の熱感・脈が浮で速いなどを伴う。,薄荷・桑葉・菊花・牛蒡子・金銀花・蓮翹など。,銀翹散・清上防風湯,体表を開いて熱を放散し邪を外部に追い出す、《疏散風熱》を行う。,"森 雄材,「漢方・中医学臨床マニュアル症状から診断・処方へ」, 医歯薬出版株式会社, 2004/02/01, ISBN 4263201957"
c7312f286a8847be9960d72c1e05688f,風湿頭痛,風湿の邪が侵入し、粘滞する湿邪が経路を阻滞するために頭痛が生じる病態であり、寒邪を伴う場合（風寒湿）もある。湿度の高い季節や環境での感冒に相当する。,精神・神経,重く包まれてしめつけられるような頭痛で、寒気や発熱は強くなく、体が重だるく痛む・腹満・脈が浮などを伴う。,疏風除湿の防風・羗活・独活・藁本・蔓荊子・蒼朮・薏苡仁、散寒の細辛・白芷・桂枝など。,羗活勝湿湯・九味羗活湯・荊防敗毒散,体表を開き邪を発散するとともに湿気を吸収し行らせて除く、《疏風除湿》を行う。,"森 雄材,「漢方・中医学臨床マニュアル症状から診断・処方へ」, 医歯薬出版株式会社, 2004/02/01, ISBN 4263201957"
